time,open,high,low,close,volume,ticker
2023-01-03,64190,65860,63940,65860,1496000,VNM
2023-01-04,66020,66540,65950,66540,1089800,VNM
2023-01-05,66540,68300,66280,68120,2469800,VNM
2023-01-06,67950,68120,66780,66950,1269700,VNM
2023-01-09,67040,67710,66780,67710,948300,VNM
2023-01-10,67870,68380,67630,67950,1196000,VNM
2023-01-11,67950,68460,66610,66610,1534700,VNM
2023-01-12,67040,67290,66540,67110,684900,VNM
2023-01-13,67290,68040,67210,67630,1449000,VNM
2023-01-16,67630,67790,66610,66610,654700,VNM
2023-01-17,67290,67950,66610,67870,1671400,VNM
2023-01-18,67870,68380,67710,68200,1297900,VNM
2023-01-19,67790,68380,67110,68200,2627700,VNM
2023-01-27,68300,68720,66780,67110,2331800,VNM
2023-01-30,67110,67110,66610,66610,1614000,VNM
2023-01-31,66460,66700,64510,64680,4817500,VNM
2023-02-01,65190,65290,64510,64760,1810400,VNM
2023-02-02,64930,65019,64349,64349,1494400,VNM
2023-02-03,64610,64680,63680,63770,1855200,VNM
2023-02-06,63680,65019,63680,64930,1910700,VNM
2023-02-07,65120,65120,63840,63840,1274400,VNM
2023-02-08,63940,64260,63510,63590,1550000,VNM
2023-02-09,63590,63770,62940,62940,1593600,VNM
2023-02-10,62940,63680,62940,63680,1236100,VNM
2023-02-13,63680,63680,62160,63180,1569000,VNM
2023-02-14,63180,63510,62420,62680,1073500,VNM
2023-02-15,62680,63770,62420,63770,1443500,VNM
2023-02-16,63770,64190,63420,64190,691300,VNM
2023-02-17,63840,64090,63180,63770,777000,VNM
2023-02-20,63770,65019,63330,65019,1385300,VNM
2023-02-21,65019,65120,64349,64760,888300,VNM
2023-02-22,64019,64349,63330,63330,1295600,VNM
2023-02-23,63330,64510,62420,63510,2327900,VNM
2023-02-24,63510,63770,62510,62680,1681000,VNM
2023-02-27,62680,63680,62080,63080,1112500,VNM
2023-02-28,63330,63680,63010,63330,1034300,VNM
2023-03-01,63010,64610,62940,64510,1635500,VNM
2023-03-02,64510,64510,63840,64190,1088800,VNM
2023-03-03,62940,64430,62940,63770,704200,VNM
2023-03-06,63770,64260,62940,62940,891800,VNM
2023-03-07,63680,63940,63330,63590,1170900,VNM
2023-03-08,63080,64190,62940,64190,1244400,VNM
2023-03-09,63940,64680,63940,64190,1389700,VNM
2023-03-10,64190,64760,63840,64510,1427700,VNM
2023-03-13,64430,64680,64260,64510,1824500,VNM
2023-03-14,64019,64510,63420,64260,1735100,VNM
2023-03-15,64260,64860,64190,64680,1960200,VNM
2023-03-16,64610,64680,63680,64090,1529200,VNM
2023-03-17,64090,64090,62510,62510,2432800,VNM
2023-03-20,62940,62940,62160,62340,1609600,VNM
2023-03-21,62420,63010,62250,62420,1350200,VNM
2023-03-22,62590,62680,62420,62420,710300,VNM
2023-03-23,62340,63180,62080,62760,1194400,VNM
2023-03-24,62940,63330,62760,62840,850300,VNM
2023-03-27,62940,62940,62340,62420,1212200,VNM
2023-03-28,62510,63180,62420,62590,1437800,VNM
2023-03-29,62680,62840,62420,62510,842100,VNM
2023-03-30,62680,63260,62590,63010,781300,VNM
2023-03-31,62940,63260,62420,62420,877700,VNM
2023-04-03,62590,62840,62250,62680,775400,VNM
2023-04-04,62420,62510,62250,62420,1659100,VNM
2023-04-05,62250,62760,62160,62420,903000,VNM
2023-04-06,62420,62590,62340,62340,866600,VNM
2023-04-07,62420,62680,62340,62680,702800,VNM
2023-04-10,62680,62680,62510,62590,764400,VNM
2023-04-11,62340,62510,62160,62420,717800,VNM
2023-04-12,62420,62420,62080,62080,910700,VNM
2023-04-13,62340,62420,61670,61750,812500,VNM
2023-04-14,61750,61850,61080,61080,1214800,VNM
2023-04-17,61080,61160,60150,60410,1216500,VNM
2023-04-18,60240,60660,60240,60500,712600,VNM
2023-04-19,61330,61330,60410,60410,690300,VNM
2023-04-20,60500,60900,60240,60730,783700,VNM
2023-04-21,60410,60410,59400,59740,971800,VNM
2023-04-24,59560,59640,58900,59150,1134600,VNM
2023-04-25,59150,59890,58550,58550,1267500,VNM
2023-04-26,58730,59500,58730,59500,858700,VNM
2023-04-27,59560,59560,58310,58550,1226400,VNM
2023-04-28,58550,58900,58480,58640,760200,VNM
2023-05-04,58730,58730,57380,57730,2491100,VNM
2023-05-05,57550,58060,57550,57880,660100,VNM
2023-05-08,57880,59070,57880,58810,1101700,VNM
2023-05-09,59400,59560,59150,59400,809200,VNM
2023-05-10,59400,59640,59150,59230,826800,VNM
2023-05-11,59150,59500,58730,58730,412100,VNM
2023-05-12,59070,59070,58310,58310,868600,VNM
2023-05-15,58640,58640,57880,57980,1436500,VNM
2023-05-16,57880,58480,57880,58390,1308100,VNM
2023-05-17,58480,58480,57730,57980,1788600,VNM
2023-05-18,57880,58730,57460,58150,2416100,VNM
2023-05-19,58240,58310,57550,57730,1059600,VNM
2023-05-22,57640,57880,57290,57290,1598700,VNM
2023-05-23,57060,57380,56200,56290,2671700,VNM
2023-05-24,56290,56540,55450,55640,2350000,VNM
2023-05-25,55540,56630,55380,56290,1305500,VNM
2023-05-26,56540,57060,56290,56290,904500,VNM
2023-05-29,56460,56810,56290,56290,1043600,VNM
2023-05-30,56290,56540,55790,55790,1770500,VNM
2023-05-31,56030,56030,55450,55450,1466600,VNM
2023-06-01,55450,55790,55380,55450,1214500,VNM
2023-06-02,55540,55640,54940,55290,2969700,VNM
2023-06-05,55790,56380,55540,55790,3323000,VNM
2023-06-06,56130,56130,55380,55720,3423000,VNM
2023-06-07,55790,55960,55380,55540,3719000,VNM
2023-06-08,55790,55790,54940,54940,5036500,VNM
2023-06-09,55040,55790,54940,55190,2080200,VNM
2023-06-12,55380,57060,55380,56980,5450300,VNM
2023-06-13,57140,57290,56630,56720,4943400,VNM
2023-06-14,56810,57210,56290,56290,4910200,VNM
2023-06-15,56460,56540,55540,55640,4687800,VNM
2023-06-16,55790,55890,55380,55450,5993000,VNM
2023-06-19,55640,55890,55040,55190,3279400,VNM
2023-06-20,55290,55290,54940,54940,2963000,VNM
2023-06-21,55040,55640,54940,55640,3490900,VNM
2023-06-22,55790,56460,55640,56130,5610600,VNM
2023-06-23,56200,58310,56200,57980,11958000,VNM
2023-06-26,58150,59320,57290,59230,10737800,VNM
2023-06-27,59400,59400,58390,59150,5978900,VNM
2023-06-28,59150,59500,58480,59230,6154700,VNM
2023-06-29,59230,60730,58810,60330,7698400,VNM
2023-06-30,60330,60410,59400,59560,3645000,VNM
2023-07-03,59640,59890,58980,59320,3186200,VNM
2023-07-04,59150,59740,58810,59230,4781600,VNM
2023-07-05,59400,59400,58390,58550,6659200,VNM
2023-07-06,58640,59320,58550,59150,7631000,VNM
2023-07-07,59320,59740,59070,59500,5780500,VNM
2023-07-10,59890,60990,59740,60500,6171100,VNM
2023-07-11,60500,61590,60150,61080,5702300,VNM
2023-07-12,61160,61670,60900,61670,4195800,VNM
2023-07-13,61590,61920,61160,61330,3783500,VNM
2023-07-14,61410,61590,60500,61500,5209700,VNM
2023-07-17,61240,61750,60580,60660,3922800,VNM
2023-07-18,60830,60900,60580,60730,2930000,VNM
2023-07-19,60830,61240,60730,60900,2945100,VNM
2023-07-20,60900,61080,60660,60900,2600700,VNM
2023-07-21,60900,61670,60830,61670,3341800,VNM
2023-07-24,61670,62080,61500,61750,2535300,VNM
2023-07-25,61750,62680,61330,62510,4245900,VNM
2023-07-26,62420,63080,62340,62940,3189700,VNM
2023-07-27,62940,63590,62760,63510,4178200,VNM
2023-07-28,63590,65190,63420,64930,5473600,VNM
2023-07-31,64860,65770,64760,65440,3364900,VNM
2023-08-01,65440,65440,63770,63770,5730800,VNM
2023-08-02,63770,64190,63180,63840,2678900,VNM
2023-08-03,64250,64250,62950,62950,2917600,VNM
2023-08-04,62850,63280,62420,63280,3165200,VNM
2023-08-07,63200,64920,62680,64920,4317900,VNM
2023-08-08,64750,64920,64069,64590,3430500,VNM
2023-08-09,64590,64590,63100,63360,3705000,VNM
2023-08-10,63360,64150,63200,63360,2733200,VNM
2023-08-11,63360,63720,62770,63720,2181300,VNM
2023-08-14,63630,63720,62850,63630,3066500,VNM
2023-08-15,63200,63630,63030,63100,2219700,VNM
2023-08-16,63100,63720,62850,63360,2083900,VNM
2023-08-17,63360,64590,63200,63820,4580900,VNM
2023-08-18,63720,64849,62510,63550,7106200,VNM
2023-08-21,63030,63980,63030,63200,3055200,VNM
2023-08-22,63450,63450,61650,63030,3075100,VNM
2023-08-23,62770,63820,62060,63720,3072800,VNM
2023-08-24,63720,64920,63280,64750,4419900,VNM
2023-08-25,65290,65290,64400,64920,2751400,VNM
2023-08-28,65019,67710,65019,67530,5466800,VNM
2023-08-29,67190,67270,66050,67090,4199900,VNM
2023-08-30,66740,68050,66320,67450,2659700,VNM
2023-08-31,67190,68400,66830,67450,3836000,VNM
2023-09-05,68050,69790,67710,69430,6839900,VNM
2023-09-06,69430,69430,68930,69360,2280400,VNM
2023-09-07,69260,69360,68130,68930,3526700,VNM
2023-09-08,68670,69430,68570,69360,2774900,VNM
2023-09-11,69360,70290,67270,68930,4234900,VNM
2023-09-12,68490,69970,67870,69610,2668500,VNM
2023-09-13,68990,69610,68220,68570,2507000,VNM
2023-09-14,68050,69360,67960,68830,2482600,VNM
2023-09-15,68830,70390,68490,68930,5614800,VNM
2023-09-18,68570,69170,68220,68400,1322100,VNM
2023-09-19,68050,68400,67090,68400,2571700,VNM
2023-09-20,67960,68310,67620,67870,1842800,VNM
2023-09-21,67710,67870,67010,67620,2537900,VNM
2023-09-22,66830,67870,65710,67190,4244900,VNM
2023-09-25,66920,68050,66500,67270,2755500,VNM
2023-09-26,67270,67620,65890,65970,2534600,VNM
2023-09-27,66150,66410,64849,66410,2273300,VNM
2023-09-28,65970,66230,64849,64849,1889300,VNM
2023-09-29,65019,66230,64319,64319,1403900,VNM
2023-10-02,64319,65530,64319,65530,1159900,VNM
2023-10-03,64660,65120,64069,64150,1993700,VNM
2023-10-04,63820,64660,63630,64489,1077900,VNM
2023-10-05,64250,64489,63030,63030,2571400,VNM
2023-10-06,63030,64319,62950,64319,1227000,VNM
2023-10-09,64150,64250,63820,63890,830900,VNM
2023-10-10,64400,65019,64150,64489,1023900,VNM
2023-10-11,64660,64849,64150,64489,1134400,VNM
2023-10-12,64590,65790,64590,65440,2534800,VNM
2023-10-13,65290,66150,65019,65710,1487000,VNM
2023-10-16,65120,65710,64750,65190,1344400,VNM
2023-10-17,65290,65970,64849,64849,1421900,VNM
2023-10-18,64849,64849,62770,64069,2572400,VNM
2023-10-19,63630,63630,61460,61900,3904700,VNM
2023-10-20,61820,62850,60850,62680,2371800,VNM
2023-10-23,62150,62420,60760,60850,2725900,VNM
2023-10-24,60850,61380,60760,60930,1099500,VNM
2023-10-25,60930,61380,59810,59810,2423700,VNM
2023-10-26,59380,59480,57130,58090,5201700,VNM
2023-10-27,58350,58950,57740,58950,1811000,VNM
2023-10-30,58860,58950,58170,58590,1047000,VNM
2023-10-31,58860,60250,58590,58950,2183600,VNM
2023-11-01,59810,61120,58860,61030,2337200,VNM
2023-11-02,61120,61460,60520,61460,2390200,VNM
2023-11-03,61460,61460,60520,60680,1692700,VNM
2023-11-06,60850,61970,60760,61550,1136800,VNM
2023-11-07,61120,61380,60520,61380,1474700,VNM
2023-11-08,60850,61970,60520,61900,2339600,VNM
2023-11-09,62060,62510,61280,61280,3420100,VNM
2023-11-10,61380,61380,60340,60340,2833100,VNM
2023-11-13,60430,60680,59480,59550,1730800,VNM
2023-11-14,59810,60160,59130,59730,2996000,VNM
2023-11-15,60680,62240,60680,61280,3949400,VNM
2023-11-16,61200,61820,60600,60930,2338200,VNM
2023-11-17,61550,61650,59990,60680,2335800,VNM
2023-11-20,59990,60600,59810,60070,1770000,VNM
2023-11-21,60160,60520,59730,60250,2959800,VNM
2023-11-22,60250,60850,59810,60160,1302200,VNM
2023-11-23,60520,60600,59550,59550,1623100,VNM
2023-11-24,59480,59730,58590,59210,3128900,VNM
2023-11-27,59210,59300,58860,59040,1333300,VNM
2023-11-28,59040,59380,58510,59380,1775600,VNM
2023-11-29,59380,59630,59130,59300,1262500,VNM
2023-11-30,59300,59550,58420,58420,2581600,VNM
2023-12-01,58950,59380,58690,59300,1391800,VNM
2023-12-04,59380,60250,59300,59630,3006800,VNM
2023-12-05,59630,59810,58950,59040,2302100,VNM
2023-12-06,59040,59480,59040,59380,1606600,VNM
2023-12-07,59630,59630,58510,59300,3874400,VNM
2023-12-08,59300,60070,58950,59810,3729400,VNM
2023-12-11,61120,61120,60600,60680,4734500,VNM
2023-12-12,60680,60760,59810,60160,2788700,VNM
2023-12-13,60340,60430,59040,59130,4511000,VNM
2023-12-14,59300,59730,59130,59300,1462000,VNM
2023-12-15,59380,59480,59040,59040,3739700,VNM
2023-12-18,59040,59130,58090,58090,3513100,VNM
2023-12-19,58170,58420,57470,58090,3061900,VNM
2023-12-20,58090,59130,58090,59040,2603900,VNM
2023-12-21,58860,59210,58770,58770,2585900,VNM
2023-12-22,58770,59040,58510,58590,2145700,VNM
2023-12-25,58590,59550,58590,58860,2672700,VNM
2023-12-26,59210,59380,58950,58950,1975400,VNM
2023-12-27,59380,59560,58950,58950,1626400,VNM
2023-12-28,58950,59820,58950,59820,2408700,VNM
2023-12-29,60000,60000,59040,59040,1954700,VNM
2024-01-02,59560,59820,59300,59640,2142800,VNM
2024-01-03,59740,60260,59380,60260,1889800,VNM
2024-01-04,60350,60690,60260,60260,3401500,VNM
2024-01-05,60530,60530,59820,60080,1475700,VNM
2024-01-08,60260,60350,59560,59560,2396400,VNM
2024-01-09,59560,59820,59380,59480,2460400,VNM
2024-01-10,59480,59480,58860,58950,3006600,VNM
2024-01-11,58950,59820,58950,59300,2083900,VNM
2024-01-12,59040,59300,58510,58690,3283000,VNM
2024-01-15,58690,58950,58510,58510,2226700,VNM
2024-01-16,58510,58860,58260,58860,2072400,VNM
2024-01-17,58950,59300,58510,58590,1826400,VNM
2024-01-18,58770,59210,58770,58860,1228400,VNM
2024-01-19,58860,59900,58860,59380,2619900,VNM
2024-01-22,59380,60000,59380,59640,1959800,VNM
2024-01-23,59640,59640,59040,59130,2112000,VNM
2024-01-24,59210,59380,58690,58770,2083500,VNM
2024-01-25,58860,58950,58420,58420,2660500,VNM
2024-01-26,58510,58950,58510,58510,1675800,VNM
2024-01-29,58590,58770,58420,58510,1732800,VNM
2024-01-30,58770,58770,58420,58420,1790400,VNM
2024-01-31,58690,59560,58420,58510,4020100,VNM
2024-02-01,58690,59210,58690,58950,2499300,VNM
2024-02-02,58950,59130,58510,58860,2611300,VNM
2024-02-05,58860,59560,58690,59380,3565900,VNM
2024-02-06,59480,59560,59040,59040,2392800,VNM
2024-02-07,59040,59300,58690,59040,2736300,VNM
2024-02-15,59040,59380,58690,59040,3876600,VNM
2024-02-16,59210,61390,58950,61130,11114600,VNM
2024-02-19,61920,63400,61740,62780,6652800,VNM
2024-02-20,62610,63230,62260,62450,4385700,VNM
2024-02-21,62450,62780,61990,62260,3590200,VNM
2024-02-22,62260,63490,62090,62530,4648100,VNM
2024-02-23,62710,63490,61990,61990,6142500,VNM
2024-02-26,61990,62610,61740,61990,3048400,VNM
2024-02-27,62180,63230,62090,62880,5282500,VNM
2024-02-28,63230,63400,62450,63050,3419000,VNM
2024-02-29,63400,64019,62530,62880,6539800,VNM
2024-03-01,62980,62980,62180,62450,4397700,VNM
2024-03-04,62710,63490,62530,62880,5014600,VNM
2024-03-05,62880,63760,62610,63760,5440900,VNM
2024-03-06,64019,64190,62710,62710,4833900,VNM
2024-03-07,62610,62980,62260,62880,5067600,VNM
2024-03-08,62980,63660,61130,61130,7361000,VNM
2024-03-11,61570,62260,61130,61390,4208400,VNM
2024-03-12,61480,61660,61130,61130,3844000,VNM
2024-03-13,61220,61920,61130,61840,5646500,VNM
2024-03-14,61990,62260,61390,61570,5445400,VNM
2024-03-15,62000,62000,60770,60860,4851100,VNM
2024-03-18,60860,61120,59790,60060,6796400,VNM
2024-03-19,60600,60600,59980,59980,3164500,VNM
2024-03-20,59980,60680,59710,60150,3546900,VNM
2024-03-21,60330,60600,60060,60510,4906200,VNM
2024-03-22,60680,60770,59980,59980,6066700,VNM
2024-03-25,60060,60330,59360,59540,5450700,VNM
2024-03-26,59610,60060,59540,59880,2504200,VNM
2024-03-27,60150,60150,59710,59880,2637700,VNM
2024-03-28,59880,60510,59790,59880,4470700,VNM
2024-03-29,60510,60510,59710,59790,3484600,VNM
2024-04-01,59790,59880,59270,59270,4988000,VNM
2024-04-02,59270,59610,59000,59540,4322900,VNM
2024-04-03,59540,59540,59000,59000,5046100,VNM
2024-04-04,59000,60510,59000,60330,7472800,VNM
2024-04-05,60330,60330,59880,60060,4233800,VNM
2024-04-08,60150,60150,59180,59270,3666000,VNM
2024-04-09,59360,59540,59100,59270,2516000,VNM
2024-04-10,59360,59540,59100,59100,2765500,VNM
2024-04-11,59000,59180,58830,58920,2947700,VNM
2024-04-12,59100,59360,58920,59000,2509200,VNM
2024-04-15,59000,59000,57410,57410,5756100,VNM
2024-04-16,57410,57500,55730,56610,7128700,VNM
2024-04-17,56980,57410,56800,56800,4589800,VNM
2024-04-19,56800,56980,55990,56800,4516100,VNM
2024-04-22,57230,57770,56610,56610,2035200,VNM
2024-04-23,56800,56880,55920,56170,2014400,VNM
2024-04-24,56610,56880,56170,56610,2401300,VNM
2024-04-25,56610,57320,56530,57230,1916000,VNM
2024-04-26,57230,58210,57060,57500,2940600,VNM
2024-05-02,57860,57940,57410,57860,2563400,VNM
2024-05-03,58040,58380,57940,58040,1966400,VNM
2024-05-06,58210,58730,57940,58210,2261300,VNM
2024-05-07,58380,60600,58300,60150,8485900,VNM
2024-05-08,60150,60150,59360,60060,2964400,VNM
2024-05-09,60060,60060,58920,58920,2998000,VNM
2024-05-10,59000,59710,58470,58830,2418100,VNM
2024-05-13,58920,59100,57860,58210,2732500,VNM
2024-05-14,58300,59270,58300,58830,2433100,VNM
2024-05-15,59180,59540,59000,59270,3234900,VNM
2024-05-16,59360,59880,59270,59450,2911400,VNM
2024-05-17,59540,59980,59100,59270,4169000,VNM
2024-05-20,59360,59790,58730,58730,4920600,VNM
2024-05-21,58730,58920,58210,58560,3799500,VNM
2024-05-22,58730,59000,58210,58210,3618300,VNM
2024-05-23,58380,59270,58210,59270,2991400,VNM
2024-05-24,59000,59180,58120,58380,4104100,VNM
2024-05-27,58470,58920,58210,58470,2336600,VNM
2024-05-28,58650,59540,58470,59100,5347500,VNM
2024-05-29,59270,59540,58380,58650,3357900,VNM
2024-05-30,58470,58560,57940,58120,4412600,VNM
2024-05-31,58300,58300,57770,57860,4143400,VNM
2024-06-03,58210,58920,58120,58470,3190500,VNM
2024-06-04,58470,58920,58380,58380,2445200,VNM
2024-06-05,58560,61210,58560,60600,11865800,VNM
2024-06-06,61040,61040,59450,59450,4887800,VNM
2024-06-07,59790,60680,59710,59980,4127600,VNM
2024-06-10,60510,60600,59450,59450,4564100,VNM
2024-06-11,59610,59710,58730,58830,6177100,VNM
2024-06-12,58830,59540,58650,59270,3425100,VNM
2024-06-13,59270,59610,59100,59180,2803600,VNM
2024-06-14,59270,59540,58560,58560,4124200,VNM
2024-06-17,58650,58920,58380,58380,3617600,VNM
2024-06-18,58830,58830,58300,58300,2751700,VNM
2024-06-19,58380,58380,57590,57770,6155000,VNM
2024-06-20,57860,59100,57670,58380,4397100,VNM
2024-06-21,58830,59360,58380,58380,3967700,VNM
2024-06-24,58470,58920,57770,57940,3847700,VNM
2024-06-25,58210,58560,57940,57940,2433600,VNM
2024-06-26,58210,58210,57590,57670,2485100,VNM
2024-06-27,57670,58040,57590,57770,2708400,VNM
2024-06-28,57940,58380,57770,57940,2731700,VNM
2024-07-01,58210,58380,57770,58380,1909300,VNM
2024-07-02,58380,58650,58210,58560,2042800,VNM
2024-07-03,58560,58650,58380,58560,1332600,VNM
2024-07-04,58650,59180,58650,58730,2688900,VNM
2024-07-05,58730,59710,58730,59450,4180100,VNM
2024-07-08,59540,59880,59270,59790,4942400,VNM
2024-07-09,59790,59980,59450,59710,5045200,VNM
2024-07-10,59710,59980,59100,59100,3881700,VNM
2024-07-11,59180,59270,58650,58650,3787100,VNM
2024-07-12,58730,58920,58470,58650,2079900,VNM
2024-07-15,58650,59180,58560,58560,2155300,VNM
2024-07-16,58730,59000,58470,58470,2243700,VNM
2024-07-17,58560,58830,58040,58120,3464800,VNM
2024-07-18,58380,58380,57940,58300,2283000,VNM
2024-07-19,58300,58300,57590,57770,3392700,VNM
2024-07-22,57770,58380,57670,57860,2654800,VNM
2024-07-23,58040,58650,57940,58300,3777800,VNM
2024-07-24,58210,58470,58040,58040,3613500,VNM
2024-07-25,58040,58120,57770,58040,1957600,VNM
2024-07-26,57860,58560,57860,58210,2975400,VNM
2024-07-29,58560,59790,58300,59450,5781800,VNM
2024-07-30,59540,60510,59180,59880,6375600,VNM
2024-07-31,60600,63690,60600,63330,21144900,VNM
2024-08-01,63520,63600,62000,62190,8865800,VNM
2024-08-02,61920,63600,61920,63250,10290200,VNM
2024-08-05,62800,62990,60600,61390,12155500,VNM
2024-08-06,62190,64849,61920,64310,13496200,VNM
2024-08-07,64750,65290,64050,65290,10700700,VNM
2024-08-08,65379,65810,63860,64310,5811000,VNM
2024-08-09,64390,64920,64129,64849,4527500,VNM
2024-08-12,64849,65810,64390,64580,5804000,VNM
2024-08-13,64390,65810,64310,65290,6734400,VNM
2024-08-14,65450,65550,64849,65450,5456200,VNM
2024-08-15,65450,65980,65190,65290,4255800,VNM
2024-08-16,65450,65550,64750,65290,7392900,VNM
2024-08-19,65450,67240,65290,67240,7917900,VNM
2024-08-20,67240,67410,66610,66870,4177300,VNM
2024-08-21,66520,67320,66440,66610,3991000,VNM
2024-08-22,67240,67240,65120,65640,6025900,VNM
2024-08-23,66250,66870,65810,66250,3307600,VNM
2024-08-26,66250,66350,64849,64920,6324800,VNM
2024-08-27,64920,65290,64230,65019,4265800,VNM
2024-08-28,65120,65450,64750,65379,3352800,VNM
2024-08-29,65190,65450,64920,65019,2042900,VNM
2024-08-30,65120,66180,64920,65379,3675800,VNM
2024-09-04,64849,65910,64660,65720,2839100,VNM
2024-09-05,65720,66700,65550,66080,5857500,VNM
2024-09-06,66250,66790,66180,66700,3641800,VNM
2024-09-09,66440,66440,65640,66180,2638800,VNM
2024-09-10,66180,66790,65720,66250,3332400,VNM
2024-09-11,66180,66440,65379,65980,3165200,VNM
2024-09-12,66350,66520,65810,66080,2052100,VNM
2024-09-13,66180,66180,64480,64480,5347100,VNM
2024-09-16,64580,64580,63600,63600,4034700,VNM
2024-09-17,63690,64920,63420,64920,2390300,VNM
2024-09-18,65120,65379,64580,64849,2845300,VNM
2024-09-19,64750,65019,64580,64849,1572700,VNM
2024-09-20,65019,65450,64310,64310,5232400,VNM
2024-09-23,64660,64750,64230,64480,2930300,VNM
2024-09-24,64989,64989,64170,64349,2076500,VNM
2024-09-25,64349,64440,63710,63710,4520500,VNM
2024-09-26,63710,65090,63710,64709,3984100,VNM
2024-09-27,64810,65170,64709,64989,2968700,VNM
2024-09-30,64989,64989,64170,64170,2043500,VNM
2024-10-01,64260,64709,64170,64170,2040200,VNM
2024-10-02,64260,64260,63710,64170,2139900,VNM
2024-10-03,64260,64530,63990,64349,2948000,VNM
2024-10-04,64530,64530,62610,62710,6134000,VNM
2024-10-07,62890,63430,61420,61420,5986300,VNM
2024-10-08,61510,62430,61510,62430,2887600,VNM
2024-10-09,62520,62790,62060,62060,3527900,VNM
2024-10-10,62520,62990,61960,61960,2622600,VNM
2024-10-11,62340,62430,61790,61960,2370000,VNM
2024-10-14,62340,62340,61420,61510,2820500,VNM
2024-10-15,61510,61700,61060,61140,3073300,VNM
2024-10-16,61140,62340,61140,61790,2003900,VNM
2024-10-17,61890,62150,61610,61890,1655000,VNM
2024-10-18,61890,62240,61700,61700,1597500,VNM
2024-10-21,61700,62150,61510,61610,1860000,VNM
2024-10-22,61610,62060,61510,61610,2250400,VNM
2024-10-23,61610,61890,61510,61610,1635900,VNM
2024-10-24,61610,63160,61610,62610,4365000,VNM
2024-10-25,62790,62790,62150,62240,2170200,VNM
2024-10-28,61960,62240,61060,61510,2923300,VNM
2024-10-29,61610,61610,61140,61330,2030600,VNM
2024-10-30,61330,61610,60690,60690,3431700,VNM
2024-10-31,60960,60960,59770,60510,5170700,VNM
2024-11-01,60510,60690,60040,60230,2178000,VNM
2024-11-04,60320,60960,60040,60040,2118800,VNM
2024-11-05,60140,60420,59960,59960,1060900,VNM
2024-11-06,60420,60420,59770,60230,2594600,VNM
2024-11-07,60420,60600,60040,60320,1152300,VNM
2024-11-08,60420,60600,60040,60140,1592400,VNM
2024-11-11,60140,60230,59230,59680,2737600,VNM
2024-11-12,59680,60140,59320,59410,1729600,VNM
2024-11-13,59580,60040,59230,59500,2770700,VNM
2024-11-14,59500,59500,59230,59500,1779900,VNM
2024-11-15,59410,59410,58310,58310,3688300,VNM
2024-11-18,58310,58760,57860,57860,3747000,VNM
2024-11-19,57940,58130,57660,57660,2733600,VNM
2024-11-20,57660,58400,57580,58220,2818000,VNM
2024-11-21,58310,58680,58040,58490,2253500,VNM
2024-11-22,58490,59320,58490,58860,2176700,VNM
2024-11-25,58860,59140,58760,58860,2446600,VNM
2024-11-26,59040,59500,58950,59320,1675600,VNM
2024-11-27,59320,59500,59040,59140,1586400,VNM
2024-11-28,59500,59500,59040,59040,1273300,VNM
2024-11-29,59040,59320,58860,59140,1105500,VNM
2024-12-02,59140,59320,58760,59040,1229100,VNM
2024-12-03,59140,59140,58490,58490,2425200,VNM
2024-12-04,58400,58490,57940,57940,2745800,VNM
2024-12-05,58130,59230,57860,58860,2218400,VNM
2024-12-06,59040,59320,58680,58680,1677900,VNM
2024-12-09,59040,59040,58580,58680,1762700,VNM
2024-12-10,58680,58950,58490,58490,1711000,VNM
2024-12-11,58490,59140,58490,58760,2024600,VNM
2024-12-12,58760,59410,58760,59140,2249800,VNM
2024-12-13,58860,59040,58680,58760,1396700,VNM
2024-12-16,58760,59680,58760,59500,2387600,VNM
2024-12-17,59410,59500,59040,59140,1204000,VNM
2024-12-18,59500,59580,59230,59230,1614100,VNM
2024-12-19,58950,59040,58490,58490,2626900,VNM
2024-12-20,58580,59500,58580,59500,3799600,VNM
2024-12-23,59230,59500,58860,58950,1347800,VNM
2024-12-24,58950,59230,58680,58860,1287000,VNM
2024-12-25,58950,59410,58950,58950,1302500,VNM
2024-12-26,59230,59230,58860,58860,1708800,VNM
2024-12-27,58950,59140,58760,58860,2443700,VNM
2024-12-30,58680,58760,58400,58400,1490800,VNM
2024-12-31,58490,58860,58400,58490,1641900,VNM
2025-01-02,58680,58860,58210,58210,1336600,VNM
2025-01-03,58300,58400,58030,58120,1776700,VNM
2025-01-06,58120,58300,57660,57660,2103500,VNM
2025-01-07,57750,58120,56820,56920,2802100,VNM
2025-01-08,57200,57290,56460,56920,2053300,VNM
2025-01-09,57020,57100,56550,57020,1500000,VNM
2025-01-10,56920,57100,56550,56550,1189800,VNM
2025-01-13,56460,57100,56370,56640,1101700,VNM
2025-01-14,56640,57020,56550,56820,1147600,VNM
2025-01-15,57290,57470,56920,56920,1216400,VNM
2025-01-16,57470,57750,56920,57100,1684500,VNM
2025-01-17,57380,57380,57200,57200,889400,VNM
2025-01-20,57200,57380,56820,57100,1633600,VNM
2025-01-21,57200,57290,56820,57020,1403900,VNM
2025-01-22,57200,57200,56820,56820,1760900,VNM
2025-01-23,56820,57470,56820,57200,1781300,VNM
2025-01-24,57100,57660,57020,57380,1576400,VNM
2025-02-03,57380,57380,55810,55810,7279900,VNM
2025-02-04,55910,56180,55350,55530,7125000,VNM
2025-02-05,55730,56740,55730,56740,3198100,VNM
2025-02-06,56740,56820,55810,55990,3024800,VNM
2025-02-07,55990,56460,55910,56090,2552300,VNM
2025-02-10,56460,56460,55910,55910,2592100,VNM
2025-02-11,55910,55990,55450,55730,3433800,VNM
2025-02-12,55910,56270,55810,56270,2756600,VNM
2025-02-13,56270,56270,55730,55990,2576800,VNM
2025-02-14,55990,55990,55630,55630,6401800,VNM
2025-02-17,55730,55910,55350,55350,3612400,VNM
2025-02-18,55730,55810,55350,55630,2436800,VNM
2025-02-19,55630,56180,55630,56090,3072700,VNM
2025-02-20,56180,56180,55910,55990,2627900,VNM
2025-02-21,56090,57290,55910,56640,4717200,VNM
2025-02-24,56820,58950,56820,58860,11512800,VNM
2025-02-25,59040,59040,57750,58030,3884200,VNM
2025-02-26,58120,58490,58030,58210,3636600,VNM
2025-02-27,58300,58300,57380,57380,3520600,VNM
2025-02-28,57470,58300,57380,57380,4175600,VNM
2025-03-03,57930,58300,57470,58300,3610600,VNM
2025-03-04,58300,58860,58030,58580,6042000,VNM
2025-03-05,58680,58680,57850,57850,2275500,VNM
2025-03-06,57850,58030,57380,58030,3125600,VNM
2025-03-07,58030,58120,57570,57850,2655600,VNM
2025-03-10,58120,58120,57660,57660,2529500,VNM
2025-03-11,57470,57660,57290,57570,2287600,VNM
2025-03-12,57660,57930,57380,57380,2755400,VNM
2025-03-13,57470,58030,57100,57200,5100400,VNM
2025-03-14,57570,57850,57290,57290,2696700,VNM
2025-03-17,57570,58490,57570,58120,4062100,VNM
2025-03-18,58210,58210,57660,57660,3281900,VNM
2025-03-19,57850,57930,57100,57470,3038400,VNM
2025-03-20,57380,57380,56550,57020,3888200,VNM
2025-03-21,57020,57020,56460,56550,3325900,VNM
2025-03-24,56640,57200,56370,56640,2488900,VNM
2025-03-25,56920,56920,56460,56640,2323000,VNM
2025-03-26,56740,57100,56460,56460,1846000,VNM
2025-03-27,56460,56740,56370,56370,2230500,VNM
2025-03-28,56270,56370,55530,55630,5430100,VNM
2025-03-31,56090,56820,55910,55910,5301500,VNM
2025-04-01,56460,56460,55630,56090,3129300,VNM
2025-04-02,55990,56640,55810,55810,4684400,VNM
2025-04-03,54890,54980,51940,52120,16938200,VNM
2025-04-04,49810,54250,49630,53970,9776600,VNM
2025-04-08,52310,52490,50280,50280,13324100,VNM
2025-04-09,47420,50920,47420,47970,9882600,VNM
2025-04-10,51290,51290,51290,51290,1514300,VNM
2025-04-11,51290,53870,51290,53040,9164400,VNM
2025-04-14,53410,53410,52120,52490,5479700,VNM
2025-04-15,52310,53040,51940,51940,4163500,VNM
2025-04-16,52030,52760,51670,51670,3735600,VNM
2025-04-17,51200,52210,50560,51670,7219000,VNM
2025-04-18,52310,52860,52210,52210,3037200,VNM
2025-04-21,52400,52680,52120,52310,3021400,VNM
2025-04-22,52210,52210,49730,51670,6955000,VNM
2025-04-23,52400,52860,52030,52030,3586000,VNM
2025-04-24,52120,52400,51850,51940,1956400,VNM
2025-04-25,52120,53790,52120,53790,8119700,VNM
2025-04-28,53790,53790,53040,53040,2664700,VNM
2025-04-29,53040,53410,52760,53140,2556000,VNM
2025-05-05,52580,52680,52490,52490,4238300,VNM
2025-05-06,52580,52960,52490,52490,2502600,VNM
2025-05-07,52490,53230,52490,52760,2905500,VNM
2025-05-08,52760,53320,52760,52960,3262200,VNM
2025-05-09,53230,54060,53230,53230,3832400,VNM
2025-05-12,53510,54150,53510,54060,5863100,VNM
2025-05-13,54340,54430,53790,53970,4352200,VNM
2025-05-14,54450,54450,53590,53680,5034700,VNM
2025-05-15,53680,54450,53680,54250,4092100,VNM
2025-05-16,54250,54250,53680,53680,3198400,VNM
2025-05-19,53680,54450,53490,53490,2795600,VNM
2025-05-20,53590,53780,53300,53400,3224100,VNM
2025-05-21,53490,53490,52920,52920,4464400,VNM
2025-05-22,52920,53110,52540,52540,2665200,VNM
2025-05-23,52730,53010,52630,52820,1666700,VNM
2025-05-26,52920,53300,52540,53200,2729200,VNM
2025-05-27,53400,53490,52820,52920,3680800,VNM
2025-05-28,53200,53200,52630,52730,3901700,VNM
2025-05-29,53010,53010,52630,52630,2182300,VNM
2025-05-30,52920,52920,52340,52440,3273900,VNM
2025-06-02,52440,52730,52060,52150,2644100,VNM
2025-06-03,52250,53490,52250,53010,4311900,VNM
2025-06-04,53300,55210,53010,54350,8419300,VNM
2025-06-05,54450,54540,53780,53780,2794700,VNM
2025-06-06,53870,53870,52630,52820,4122400,VNM
2025-06-09,52920,53780,52820,52820,3035700,VNM
2025-06-10,53010,53590,52630,52820,2999200,VNM
2025-06-11,52820,53110,52630,52730,1720700,VNM
2025-06-12,53110,53680,53010,53400,3282700,VNM
2025-06-13,53010,53200,52730,53010,3545400,VNM
2025-06-16,52920,54060,52920,53780,4734300,VNM
2025-06-17,53870,54160,53590,53680,3406400,VNM
2025-06-18,53780,54250,53490,53490,4098100,VNM
2025-06-19,53490,53870,53200,53590,2628700,VNM
2025-06-20,53780,54160,53400,54060,4661400,VNM
2025-06-23,53490,53870,53300,53400,3022700,VNM
2025-06-24,53680,53970,53590,53870,2803800,VNM
2025-06-25,53970,55210,53870,54250,6268200,VNM
2025-06-26,54250,54450,53780,53870,3118900,VNM
2025-06-27,54250,55970,53780,55210,8895400,VNM
2025-06-30,55500,56070,55310,55400,4487800,VNM
2025-07-01,55780,55780,54640,54920,4013600,VNM
2025-07-02,55020,55400,54730,55110,3775700,VNM
2025-07-03,55110,55780,54730,54920,5293100,VNM
2025-07-04,54920,55310,54730,55210,2696200,VNM
2025-07-07,55400,55690,55110,55310,3762300,VNM
2025-07-08,55400,56550,55310,56360,7163100,VNM
2025-07-09,56640,57880,56450,57500,9636900,VNM
2025-07-10,57790,57880,57020,57020,5246100,VNM
2025-07-11,57600,58080,57120,57120,6233200,VNM
2025-07-14,57310,58080,56640,57600,6083200,VNM
2025-07-15,57880,58460,57410,57410,6553200,VNM
2025-07-16,57310,57500,56930,57410,4961100,VNM
2025-07-17,57600,57880,57120,57410,6357800,VNM
2025-07-18,57410,58360,57310,57500,5826800,VNM
2025-07-21,57600,58080,57310,57310,5503300,VNM
2025-07-22,57310,57500,56830,57500,4735100,VNM
2025-07-23,57690,58940,57500,58940,9228600,VNM
2025-07-24,59320,61130,59320,60850,13421100,VNM
2025-07-25,60940,60940,60270,60370,5124000,VNM
2025-07-28,60460,61040,60180,60460,8462700,VNM
2025-07-29,60460,61320,59990,60370,10714200,VNM
2025-07-30,60180,60650,59990,60080,6078500,VNM
2025-07-31,60180,60650,57690,58460,10570300,VNM
2025-08-01,58650,58650,57310,57310,5329800,VNM
2025-08-04,57120,58080,57120,57690,3746300,VNM
2025-08-05,57790,58740,57310,57410,9564600,VNM
2025-08-06,57690,58940,57690,58550,5377500,VNM
2025-08-07,59130,59220,58080,58170,4741600,VNM
2025-08-08,58270,59030,57880,58080,6503200,VNM
2025-08-11,58270,59320,58170,58740,5787800,VNM
2025-08-12,59320,59600,58650,59030,5207000,VNM
2025-08-13,59220,59320,58080,58360,6210800,VNM
2025-08-14,58550,59410,58270,58940,6534600,VNM
2025-08-15,59220,59410,58270,58270,5660400,VNM
2025-08-18,58360,58550,57880,57980,4775600,VNM
2025-08-19,58080,58460,57690,57790,5257700,VNM
2025-08-20,57790,58170,56930,57310,6338200,VNM
2025-08-21,57410,58170,56930,57410,5810000,VNM
2025-08-22,57120,57220,55880,56070,7201500,VNM
2025-08-25,56260,56930,56070,56070,3360400,VNM
2025-08-26,55970,57410,55880,57020,2990300,VNM
2025-08-27,57020,58460,56830,57790,4849200,VNM
2025-08-28,58270,58740,57980,58270,3661100,VNM
2025-08-29,58550,58550,57600,57600,4166400,VNM
2025-09-03,57600,58740,57600,58740,4767300,VNM
2025-09-04,58940,59700,58740,59030,4228100,VNM
2025-09-05,59130,59220,58170,58170,5355900,VNM
2025-09-08,58170,59130,57880,57880,6958800,VNM
2025-09-09,57880,58270,57410,57600,3516800,VNM
2025-09-10,57790,57880,57020,57120,3120100,VNM
2025-09-11,57120,58460,56740,58460,4998900,VNM
2025-09-12,58550,60650,58270,60370,13670300,VNM
2025-09-15,60560,60650,59990,60270,3527500,VNM
2025-09-16,60650,62470,60370,61800,12673100,VNM
2025-09-17,61900,63230,61900,62180,9865800,VNM
2025-09-18,62180,62370,60650,60750,5050800,VNM
2025-09-19,60940,61040,59220,59220,5300500,VNM
2025-09-22,59320,59990,58650,58650,5285200,VNM
2025-09-23,58740,59700,58740,58840,3425100,VNM
2025-09-24,59130,59220,58270,59220,3214500,VNM
2025-09-25,59510,59600,58740,58740,2752800,VNM
2025-09-26,58740,59030,58360,58360,2489900,VNM
2025-09-29,58360,58460,57500,57600,5130400,VNM
2025-09-30,57690,58080,57310,57310,3030200,VNM
2025-10-01,57980,59700,57500,59320,4526400,VNM
2025-10-02,59700,59790,58460,58460,3398700,VNM
2025-10-03,58550,59510,58460,58550,3998500,VNM
2025-10-06,59890,59890,59030,59600,4051900,VNM
2025-10-07,59890,59890,58650,58650,3715300,VNM
2025-10-08,59510,60650,58940,60560,5919700,VNM
2025-10-09,60560,60650,59790,60080,3297300,VNM
2025-10-10,60560,60560,59600,59600,4972200,VNM
2025-10-13,59410,61230,59030,61130,6305000,VNM
2025-10-14,61510,61510,60460,60650,5359800,VNM
2025-10-15,60940,61510,60750,60750,4645400,VNM
2025-10-16,60800,61200,60200,61200,5158400,VNM
2025-10-17,61000,61200,58800,58800,6041500,VNM
2025-10-20,58900,59400,55000,55000,8737700,VNM
2025-10-21,56100,58000,56100,56500,7068100,VNM
2025-10-22,57100,57300,55700,56300,3846700,VNM
2025-10-23,56500,57100,56300,56600,2327300,VNM
2025-10-24,56900,58100,56100,58100,3959900,VNM
2025-10-27,58400,58400,57000,57000,2998800,VNM
2025-10-28,57200,57400,56800,57400,2079100,VNM
2025-10-29,57500,57900,57100,57500,1973000,VNM
2025-10-30,57800,57900,57000,57100,1905200,VNM
2025-10-31,57400,57700,57100,57600,2641500,VNM
2025-11-03,57700,58300,57300,57300,2642700,VNM
2025-11-04,57600,57900,56300,57300,4175200,VNM
2025-11-05,57300,58500,57100,58000,3831600,VNM
2025-11-06,58000,58500,57600,58000,2241200,VNM
2025-11-07,57600,58400,57500,57600,3251100,VNM
2025-11-10,57700,57900,57000,57000,2675800,VNM
2025-11-11,57000,59000,57000,58900,5152700,VNM
2025-11-12,58800,60000,58500,59800,5161900,VNM
2025-11-13,59800,62000,59700,61800,9741800,VNM
2025-11-14,61700,63300,61600,62800,10146900,VNM
2025-11-17,62900,63300,61800,62100,4198400,VNM
2025-11-18,62000,62300,60500,60700,5559900,VNM
2025-11-19,60700,61900,60500,60900,4458500,VNM
2025-11-20,61400,61600,60500,60700,2656100,VNM
2025-11-21,60300,60700,59700,59900,4191100,VNM
2025-11-24,60100,63400,60100,63000,9900300,VNM
2025-11-25,63000,63200,61900,61900,4907900,VNM
2025-11-26,62300,63200,62300,62800,3651000,VNM
2025-11-27,63000,63400,62000,62000,3962300,VNM
2025-11-28,62200,64500,62200,64000,11898300,VNM
2025-12-01,64300,65900,64300,64900,9107300,VNM
2025-12-02,64800,65600,64500,65000,6764300,VNM
2025-12-03,65099,65200,64000,64599,5383600,VNM
2025-12-04,65000,65099,63400,63400,5918000,VNM
2025-12-05,63600,64500,63400,63400,3598900,VNM
2025-12-08,63300,64500,63200,63500,3322000,VNM
2025-12-09,63500,64099,62500,62500,5389200,VNM
2025-12-10,62400,64500,62300,63100,3470500,VNM
2025-12-11,63000,63500,61500,61500,4852300,VNM
2025-12-12,61700,62000,60200,60200,4396400,VNM
2025-12-15,60300,62600,60300,62000,4242600,VNM
2025-12-16,62000,64400,61700,64200,6863300,VNM
2025-12-17,64099,64099,62900,62900,2090400,VNM
2025-12-18,63600,64000,62900,63900,3065000,VNM
2025-12-19,63700,64000,63000,64000,2685700,VNM
2025-12-22,63900,63900,63100,63200,2650700,VNM
2025-12-23,63500,64099,62300,62600,4394700,VNM
2025-12-24,62800,62900,61500,61500,4870200,VNM
2025-12-25,61600,62300,61300,61300,2059600,VNM
2025-12-26,61600,62300,61200,61500,2399200,VNM
2025-12-29,61500,62200,61400,62100,1943000,VNM
2025-12-30,62100,62300,61700,61800,1581000,VNM
2025-12-31,61900,62000,61200,61200,1879600,VNM
